group	comparison	path	original_sha256	submission_sha256
bsp-import	modified	firmware/evaluations/mtkernel_test7_dualCoreIpc/mtk3_bsp2/include/sys/sysdepend/ra_fsp/cpu/ra8p1/sysdef.h	1375c019e18e003701f15c7e9089fa964994c4df041c0bd7426de72bb8ff7359	36593c196f7b995c24351f42d8cf42e1f6890b4592bbda1c32d6f055bb564cdc
bsp-import	modified	firmware/evaluations/mtkernel_test7_dualCoreIpc/mtk3_bsp2/mtkernel/include/sys/inittask.h	1960306c2d297870a792fb49e8983fb075b92780ec3018fd5496ea10f4371a68	918d732a7909fcad1ba08e784c92686fcb1f8afc86e0c244cd504d453edcba25
bsp-import	modified	firmware/evaluations/mtkernel_test7_dualCoreIpc/mtk3_bsp2/sysdepend/ra_fsp/devinit.c	fb14dfd98a7e8d89abb73f37d3a5d929790e08783aa6b27676ee9c57d1f42f05	2ad93ef3fafe091838892fb00cf3582572e1c899132458ac667c3d5d5dd2485c
bsp-import	modified	firmware/evaluations/mtkernel_test7_dualCoreIpc_CPU1/mtk3_bsp2/config/config_bsp/ra_fsp/config_bsp.h	38f97305a1c1f50c3f9a9e6dce87abbb9e394afd4afffd8c0b45b02a84de1e8d	ad1ee3147365f5d24c8bb3de90187aaf459614354b04e72a4f10e1fc33732adb
bsp-import	modified	firmware/evaluations/mtkernel_test7_dualCoreIpc_CPU1/mtk3_bsp2/include/sys/machine.h	fa72727f5dab6e51d73419c10c63b98ffb79c5b4de9354c334a1503f34323638	f1f8f9b672c86a016ee3b65a466e2f2f8d6e506ee99b3ec26c192960fc764d21
bsp-import	modified	firmware/evaluations/mtkernel_test7_dualCoreIpc_CPU1/mtk3_bsp2/include/sys/sysdepend/ra_fsp/cpu/ra8p1/sysdef.h	1375c019e18e003701f15c7e9089fa964994c4df041c0bd7426de72bb8ff7359	8197bd91786a99760f193396a344d993bf2583af3316350b2dd579fffd02b7b5
bsp-import	added	firmware/evaluations/mtkernel_test7_dualCoreIpc_CPU1/mtk3_bsp2/include/sys/sysdepend/ra_fsp/ek_ra8p1_cpu1/machine.h	-	2bcbb03c4e1558a9575d8cc6f46688376a087c938257cdaa2e876cff11493e31
bsp-import	added	firmware/evaluations/mtkernel_test7_dualCoreIpc_CPU1/mtk3_bsp2/include/sys/sysdepend/ra_fsp/ek_ra8p1_cpu1/profile.h	-	ce8082b7e66bd05290999dbde6fa9847b3b38e8e702ba875bf79389a674f077a
bsp-import	added	firmware/evaluations/mtkernel_test7_dualCoreIpc_CPU1/mtk3_bsp2/include/sys/sysdepend/ra_fsp/ek_ra8p1_cpu1/sysdef.h	-	ba56cbf8d54dd3295c401365e5b2008e8b8b3c7a4b44de0dc48e57a80aced663
FSP-6.5.1	modified	firmware/evaluations/mtkernel_test7_dualCoreIpc/ra/fsp/src/r_mipi_csi/r_mipi_csi.c	a3364570172bc98988d49d00ecaa8c46a353e0587eea33524b189d41a5751803	0595dddb1073c33a6a2345363e4a81c1771d0dc453bd0f4df50300305d9c6709
FSP-6.5.1	modified	firmware/evaluations/mtkernel_test7_dualCoreIpc/ra/fsp/src/r_usb_basic/src/hw/r_usb_dma.c	e46e51a7dfcae729ab6796d6f62fb3620cb2ee68b05a7b0c30e92023bca01e0a	94777cdaa1ad5dfe5a85f790e4f33e4767394c56ef92bfdd528bd052a3f4a963
FSP-6.5.1	modified	firmware/evaluations/mtkernel_test7_dualCoreIpc/ra/fsp/src/r_vin/r_vin.c	f687e073af831bb0063f4fc2bf69013f42234cb953ed9f5a0800d308d6a62208	8b06aa0c4a4a34764bfe6da6461e3a6bc720333339fd274f593e0522e0901f28
RUHMI-model-zoo	same-text	firmware/evaluations/mtkernel_test7_dualCoreIpc/Application/yolox_tiny/model_metadata.h	d5741698039492d0e2b6ec55a6ad7fc576715ed2059809f462649da342219c19	d5741698039492d0e2b6ec55a6ad7fc576715ed2059809f462649da342219c19
RUHMI-model-zoo	same-text	firmware/evaluations/mtkernel_test7_dualCoreIpc/Application/yolox_tiny/postprocessing.c	92622f8844e663ef9f5c3742c83d552ec05b1292d2017a78f8c8069d84d6eeae	92622f8844e663ef9f5c3742c83d552ec05b1292d2017a78f8c8069d84d6eeae
RUHMI-model-zoo	same-text	firmware/evaluations/mtkernel_test7_dualCoreIpc/Application/yolox_tiny/postprocessing.h	828a49049abd63dda215b76f07761ba5bfd576940b0d7477f0c011e9c19b8f44	828a49049abd63dda215b76f07761ba5bfd576940b0d7477f0c011e9c19b8f44
RUHMI-model-zoo	modified	firmware/evaluations/mtkernel_test7_dualCoreIpc/Application/yolox_tiny/preprocessing.c	0e8b8294e59eee850c0cd6e6dd9c5def2da49ac728395ab4a4f8cd1ca252cdf7	6f1e29a421cd3f011c3bee29cfb70d9735ceed700f5d6d4b1cc3bba54eb8d2bd
RUHMI-model-zoo	modified	firmware/evaluations/mtkernel_test7_dualCoreIpc/Application/yolox_tiny/preprocessing.h	5f42dd0ee51ff4ce08df863b8dec8f45d3fcc1592dd615bccd5ce26afdb20a5e	d13fb9503b9773efc93c5d86cbd52a5ec46a79def658272056765b5ca443daad
RUHMI-model-zoo	same-text	firmware/evaluations/mtkernel_test7_dualCoreIpc/Application/yolox_tiny/src_mcu_npu/compute_sub_0000.c	b0e35c776a8c715691f63dddd652ae253dce4860882d18f2a64fcbc3be2e8971	61841fb4cb2d528fa9137c2a65fa92d8d21c22cfbd7fa3bb96bf97cf77c3b479
RUHMI-model-zoo	same-text	firmware/evaluations/mtkernel_test7_dualCoreIpc/Application/yolox_tiny/src_mcu_npu/compute_sub_0000.h	12076d341303e5463956eaffc3a0b7c0142cf39d1b9dfb9458ddaf8362df16b6	319ce9d4542d118755948358cdd3779dec0c95cb02dce53a92d8b15c68776ce9
RUHMI-model-zoo	same-text	firmware/evaluations/mtkernel_test7_dualCoreIpc/Application/yolox_tiny/src_mcu_npu/compute_sub_0001.c	518db2d0a76cff3a760a597aeab81e93e11fe230a40ed9588a43e5db29db662f	4cf680da4d37616fb0af5229a767bb7bd8ccc2e94d3b73fa0f855efa2a16a429
RUHMI-model-zoo	same-text	firmware/evaluations/mtkernel_test7_dualCoreIpc/Application/yolox_tiny/src_mcu_npu/compute_sub_0001.h	42177391d49e6ef38ae6bc312fd721833583bcf2672dc0c336c68d56aeba920a	38355843c000b5d6cffe57c635adf73733b7ce31b347edc45b09e54644516bc3
RUHMI-model-zoo	same-text	firmware/evaluations/mtkernel_test7_dualCoreIpc/Application/yolox_tiny/src_mcu_npu/ethosu_common.h	181e6134b2d89697d0a2224f19370fabbd3a884f07db477c5d0bb39468693ce7	181e6134b2d89697d0a2224f19370fabbd3a884f07db477c5d0bb39468693ce7
RUHMI-model-zoo	modified	firmware/evaluations/mtkernel_test7_dualCoreIpc/Application/yolox_tiny/src_mcu_npu/kernel_library_int.c	34a143feb3c0c7a5ad261a91709a10c62b6a3617d10341ae6ce90eb40df6a82e	d9b2dcd9b137f77941c93e215958970db51aefe2f93c7f0e625c51ec2abda440
RUHMI-model-zoo	same-text	firmware/evaluations/mtkernel_test7_dualCoreIpc/Application/yolox_tiny/src_mcu_npu/kernel_library_int.h	516b17a29237db5f39a5f1318a111478657ec4acd3d36725431df78ed1fafe5b	516b17a29237db5f39a5f1318a111478657ec4acd3d36725431df78ed1fafe5b
RUHMI-model-zoo	same-text	firmware/evaluations/mtkernel_test7_dualCoreIpc/Application/yolox_tiny/src_mcu_npu/kernel_library_utils.c	676b25df5ef426430cf980d4bd894d027f8ece008268614cd5c1cdc700b6d350	676b25df5ef426430cf980d4bd894d027f8ece008268614cd5c1cdc700b6d350
RUHMI-model-zoo	same-text	firmware/evaluations/mtkernel_test7_dualCoreIpc/Application/yolox_tiny/src_mcu_npu/kernel_library_utils.h	b9dcdf0abb0c2ffdc7394994aecb91bacf46f8051ee192a45cb7cb083b978e24	b9dcdf0abb0c2ffdc7394994aecb91bacf46f8051ee192a45cb7cb083b978e24
RUHMI-model-zoo	same-text	firmware/evaluations/mtkernel_test7_dualCoreIpc/Application/yolox_tiny/src_mcu_npu/model.c	4a41b0ffc8924bfdb911f675487084b1347ed4f26fa9418cffd2d532ac7b6a2d	4a41b0ffc8924bfdb911f675487084b1347ed4f26fa9418cffd2d532ac7b6a2d
RUHMI-model-zoo	same-text	firmware/evaluations/mtkernel_test7_dualCoreIpc/Application/yolox_tiny/src_mcu_npu/model.h	e906f0d5ee30defd784d15d55a715dff8906e61f8e4d9035fc76314466cf505e	e906f0d5ee30defd784d15d55a715dff8906e61f8e4d9035fc76314466cf505e
RUHMI-model-zoo	same-text	firmware/evaluations/mtkernel_test7_dualCoreIpc/Application/yolox_tiny/src_mcu_npu/sub_0002_command_stream.c	64cac640562a7884ff42a48b811e54878dc952ebec111dadd11e9fad164f49e4	64cac640562a7884ff42a48b811e54878dc952ebec111dadd11e9fad164f49e4
RUHMI-model-zoo	same-text	firmware/evaluations/mtkernel_test7_dualCoreIpc/Application/yolox_tiny/src_mcu_npu/sub_0002_command_stream.h	12efdf3ccfb5cc266d2799db5ad3ca4883e67b556ceb5b4d199452a02afaf0c0	12efdf3ccfb5cc266d2799db5ad3ca4883e67b556ceb5b4d199452a02afaf0c0
RUHMI-model-zoo	modified	firmware/evaluations/mtkernel_test7_dualCoreIpc/Application/yolox_tiny/src_mcu_npu/sub_0002_invoke.c	21c7853141d1291ad8512cb3af0ebfee17a9d0b9ac292d8cf00c587ff7e1a98b	e8a61ece8f467c988cc4089f78c59be1840c799d2e973b643c1ac48a407c5aca
RUHMI-model-zoo	same-text	firmware/evaluations/mtkernel_test7_dualCoreIpc/Application/yolox_tiny/src_mcu_npu/sub_0002_invoke.h	f6a7912a0492a58d19d14693da07e6451e31b307397a92606b5b07129b331899	f6a7912a0492a58d19d14693da07e6451e31b307397a92606b5b07129b331899
RUHMI-model-zoo	same-text	firmware/evaluations/mtkernel_test7_dualCoreIpc/Application/yolox_tiny/src_mcu_npu/sub_0002_model_data.c	d183e6eb7c1ffafb90284a5d0a4d9d7c40f722ca1f39fe23a9b746c9bc4333bc	925763cc6fcfbec2259a130475740e94d41b1dce8781d3e793e253cd28522fd5
RUHMI-model-zoo	same-text	firmware/evaluations/mtkernel_test7_dualCoreIpc/Application/yolox_tiny/src_mcu_npu/sub_0002_model_data.h	f9232d2a8494e49a467da02dfa934d19cf8aa0268d255bd8ed746782622146ac	28d170951f310909ecc4b0723de71695d0c57985d1ebf8f6d7d10fda85c0ff05
RUHMI-model-zoo	same-text	firmware/evaluations/mtkernel_test7_dualCoreIpc/Application/yolox_tiny/src_mcu_npu/sub_0002_tensors.c	a3ba72b64ff16e58e8004c6e5489f5e15900f86d87cf4aa90c0552f7d203f790	a3ba72b64ff16e58e8004c6e5489f5e15900f86d87cf4aa90c0552f7d203f790
RUHMI-model-zoo	same-text	firmware/evaluations/mtkernel_test7_dualCoreIpc/Application/yolox_tiny/src_mcu_npu/sub_0002_tensors.h	090e60ddccacaea887a902589bc3c5fbcef470388b9898dd1591e77fdf5c6a85	090e60ddccacaea887a902589bc3c5fbcef470388b9898dd1591e77fdf5c6a85
